code_site;libelle_site;type_site;coordonnee_x_site;coordonnee_y_site;code_projection;longitude_site;latitude_site;altitude_site;code_systeme_alti_site;surface_bv;statut_site;premier_mois_etiage_site;premier_mois_annee_hydro_site;influence_generale_site;code_entite_hydro_site;code_troncon_hydro_site;code_commune_site;code_zone_hydro_site;libelle_commune;code_departement;code_region;libelle_region;code_cours_eau;libelle_cours_eau;uri_cours_eau;grandeur_hydro;date_maj_site;date_premiere_donnee_dispo_site;commentaire_influence_generale_site;commentaire_site;type_contexte_loi_stat_site;type_loi_site;libelle_departement
Y2500010;"L'Orb à Ceilhes-et-Rocozels";REEL;663280.0;1867130.0;5;3.121989722560266;43.80299172241287;433.0;2;85.0;1;1;9;1;Y25-0400;Y2500400;34071;Y250;CEILHES-ET-ROCOZELS;34;76;OCCITANIE;Y25-0400;"L'Orb";http://id.eaufrance.fr/CEA/Y25-0400;Q;2016-07-12T00:00:00Z;;;;1;1;HERAULT
Y2500020;"L'Orb à Avène [Truscas]";REEL;663868.0;1858573.0;5;3.1282185350201646;43.72602404209063;286.0;2;185.0;1;1;9;1;Y25-0400;Y2500400;34019;Y250;AVENE;34;76;OCCITANIE;Y25-0400;"L'Orb";http://id.eaufrance.fr/CEA/Y25-0400;Q;2016-07-12T00:00:00Z;;;;1;1;HERAULT
Y2500030;"L'Orb à Cazilhac [Truscas]";REEL;665847.0;1857613.0;5;3.152623201371534;43.71721357165545;0.0;2;196.0;1;1;9;3;Y25-0400;Y2500400;34067;Y250;CAZILHAC;34;76;OCCITANIE;Y25-0400;"L'Orb";http://id.eaufrance.fr/CEA/Y25-0400;Q;2018-08-10T00:00:00Z;;"Station située à l'aval du barrage d'Avène-les-Bains";;1;1;HERAULT
Y2510010;"L'Orb à la Tour-sur-Orb [Boubals]";REEL;666840.0;1851810.0;5;3.164172060606849;43.66496301273198;-999.0;2;;1;1;9;1;Y25-0400;Y2510400;34312;Y251;TOUR-SUR-ORB;34;76;OCCITANIE;Y25-0400;"L'Orb";http://id.eaufrance.fr/CEA/Y25-0400;Q;2016-07-12T00:00:00Z;;;;1;1;HERAULT
Y2510020;"L'Orb à Bédarieux";REEL;666340.0;1846360.0;5;3.1572775402429487;43.61602742872688;200.0;3;335.0;1;1;9;2;Y25-0400;Y2510400;34028;Y251;BEDARIEUX;34;76;OCCITANIE;Y25-0400;"L'Orb";http://id.eaufrance.fr/CEA/Y25-0400;Q;2016-07-12T00:00:00Z;;;;1;1;HERAULT
Y2510030;"L'Orb à Hérépian";REEL;664734.0;1843923.0;5;3.137103946063628;43.59427383881579;0.0;2;369.0;1;1;9;1;Y25-0400;Y2510400;34119;Y251;HEREPIAN;34;76;OCCITANIE;Y25-0400;"L'Orb";http://id.eaufrance.fr/CEA/Y25-0400;Q;2018-08-10T00:00:00Z;;;;1;1;HERAULT
Y2550010;"L'Orb à Vieussan";REEL;652580.0;1837135.0;5;2.986116215486722;43.534275260879426;95.0;2;905.0;1;1;9;1;Y25-0400;Y2550400;34334,34334;Y255;VIEUSSAN,VIEUSSAN;34,34;76,76;OCCITANIE,OCCITANIE;Y25-0400;"L'Orb";http://id.eaufrance.fr/CEA/Y25-0400;Q;2016-07-12T00:00:00Z;;;;1;1;HERAULT,HERAULT
Y2570010;"L'Orb à Cessenon-sur-Orb";REEL;657560.0;1827890.0;5;3.046602376731692;43.45080586318532;56.0;3;1064.0;1;1;9;2;Y25-0400;Y2570400;34074;Y257;CESSENON-SUR-ORB;34;76;OCCITANIE;Y25-0400;"L'Orb";http://id.eaufrance.fr/CEA/Y25-0400;Q;2016-07-12T00:00:00Z;;;;1;1;HERAULT
Y2570020;"L'Orb à Thézan-lès-Béziers [Pont Doumergue]";REEL;664526.0;1823648.0;5;3.1319965430855237;43.41208717551371;22.0;3;1203.0;1;6;9;2;Y25-0400;Y2570400;34310;Y257;THEZAN-LES-BEZIERS;34;76;OCCITANIE;Y25-0400;"L'Orb";http://id.eaufrance.fr/CEA/Y25-0400;Q;2016-07-12T00:00:00Z;;Laches centrale EDF de Montahut;;1;1;HERAULT
Y2570050;"L'Orb à Murviel-lès-Béziers [Réals]";REEL;661100.0;1826400.0;5;3.090091265188369;43.43712024912144;35.0;3;;1;1;9;;Y25-0400;Y2580400;34178;Y257;MURVIEL-LES-BEZIERS;34;76;OCCITANIE;Y25-0400;"L'Orb";http://id.eaufrance.fr/CEA/Y25-0400;Q;2016-07-12T00:00:00Z;;;;1;1;HERAULT
Y2574040;"L'Orb à Cessenon-sur-Orb [Réals Base Canoé]";REEL;660915.0;1826432.0;5;3.0878136535752962;43.4374237116516;34.0;3;800.0;1;1;9;;Y25-0400;Y2570400;34074;Y257;CESSENON-SUR-ORB;34;76;OCCITANIE;Y25-0400;"L'Orb";http://id.eaufrance.fr/CEA/Y25-0400;Q;2016-07-12T00:00:00Z;;;;1;0;HERAULT
Y2580010;"L'Orb à Béziers [Tabarka]";REEL;668144.0;1819079.0;5;3.1759918952559834;43.37069283119516;9.0;2;1330.0;1;1;9;1;Y25-0400;Y2580400;34032,34032;Y258;BEZIERS,BEZIERS;34,34;76,76;OCCITANIE,OCCITANIE;Y25-0400;"L'Orb";http://id.eaufrance.fr/CEA/Y25-0400;Q;2016-07-12T00:00:00Z;;;;1;1;HERAULT,HERAULT
Y2580020;"L'Orb à Béziers [Pont Neuf]";REEL;670800.0;1815520.0;5;3.2082208334991575;43.33845364323701;12.0;3;1442.0;1;1;9;1;Y25-0400;Y2580400;34032;Y258;BEZIERS;34;76;OCCITANIE;Y25-0400;"L'Orb";http://id.eaufrance.fr/CEA/Y25-0400;Q;2016-07-12T00:00:00Z;;;;1;1;HERAULT