code_site;libelle_site;type_site;coordonnee_x_site;coordonnee_y_site;code_projection;longitude_site;latitude_site;altitude_site;code_systeme_alti_site;surface_bv;statut_site;premier_mois_etiage_site;premier_mois_annee_hydro_site;influence_generale_site;code_entite_hydro_site;code_troncon_hydro_site;code_commune_site;code_zone_hydro_site;libelle_commune;code_departement;code_region;libelle_region;code_cours_eau;libelle_cours_eau;uri_cours_eau;grandeur_hydro;date_maj_site;date_premiere_donnee_dispo_site;commentaire_influence_generale_site;commentaire_site;type_contexte_loi_stat_site;type_loi_site;libelle_departement
Y0604010;"L'Agly à Camps-sur-l'Agly";REEL;609216.0;1761807.0;5;2.4490990916049795;42.8593568693178;453.0;2;;1;1;9;1;Y06-0400;Y0600400;11065;Y061;"CAMPS-SUR-L'AGLY";11;76;OCCITANIE;Y06-0400;"L'Agly";http://id.eaufrance.fr/CEA/Y06-0400;Q;2016-07-12T00:00:00Z;;;;1;1;AUDE
Y0624020;"L'Agly à Saint-Paul-de-Fenouillet [Clue de la Fou]";REEL;613193.0;1755440.0;5;2.497496261168541;42.8021081002565;233.0;2;216.0;1;1;9;1;Y06-0400;Y0620400;66187;Y062;SAINT-PAUL-DE-FENOUILLET;66;76;OCCITANIE;Y06-0400;"L'Agly";http://id.eaufrance.fr/CEA/Y06-0400;Q;2016-07-12T00:00:00Z;;;;1;1;PYRENEES-ORIENTALES
Y0634020;"L'Agly à Cassagnes [Barrage de Caramany]";REEL;620675.0;1749147.0;5;2.5885089431471133;42.74541319195068;120.0;3;410.0;1;1;9;;Y06-0400;Y0630400;66042;Y063;CASSAGNES;66;76;OCCITANIE;Y06-0400;"L'Agly";http://id.eaufrance.fr/CEA/Y06-0400;Q;2016-07-12T00:00:00Z;;;"Station hauteur du plan d'eau et débit restitué à la sortie du barrage de Caramany.";2;3;PYRENEES-ORIENTALES
Y0634030;"L'Agly à Planèzes";REEL;623377.0;1751025.0;5;2.6215157713330735;42.76219688939719;110.0;3;438.0;1;1;9;;Y06-0400;Y0630400;66143,66143;Y063;PLANEZES,PLANEZES;66,66;76,76;OCCITANIE,OCCITANIE;Y06-0400;"L'Agly";http://id.eaufrance.fr/CEA/Y06-0400;Q;2016-07-12T00:00:00Z;;;Ancienne altitude approximative : 110 m;1;1;PYRENEES-ORIENTALES,PYRENEES-ORIENTALES
Y0634040;"L'Agly [Le canal de la Plaine] à Latour-de-France";REEL;624020.0;1751017.0;5;2.62935267336514;42.76210386200118;125.0;2;;2;1;9;3;Y06-0400;Y0630400;66096;Y063;LATOUR-DE-FRANCE;66;76;OCCITANIE;Y06-0400;"L'Agly";http://id.eaufrance.fr/CEA/Y06-0400;Q;2016-07-12T00:00:00Z;;;;1;1;PYRENEES-ORIENTALES
Y0664040;"L'Agly à Estagel [Mas de Jau]";REEL;632182.0;1752850.0;5;2.7289466365982897;42.77824738582894;59.0;2;903.0;1;1;9;1;Y06-0400;Y0660400;66071;Y066;ESTAGEL;66;76;OCCITANIE;Y06-0400;"L'Agly";http://id.eaufrance.fr/CEA/Y06-0400;Q;2016-07-12T00:00:00Z;;;;1;1;PYRENEES-ORIENTALES
Y0674020;"L'Agly à Rivesaltes [seuil de Claira]";REEL;644086.0;1752237.0;5;2.874026510098641;42.77211039343685;20.0;2;1040.0;1;1;9;1;Y06-0400;Y0670400;66164;Y067;RIVESALTES;66;76;OCCITANIE;Y06-0400;"L'Agly";http://id.eaufrance.fr/CEA/Y06-0400;Q;2016-07-12T00:00:00Z;;;;1;1;PYRENEES-ORIENTALES
Y0674060;"L'Agly à Rivesaltes";REEL;646260.0;1752280.0;5;2.9005323057017285;42.772359926122384;11.0;3;1053.0;1;1;9;;Y06-0400;Y0670400;66164,66164;Y067;RIVESALTES,RIVESALTES;66,66;76,76;OCCITANIE,OCCITANIE;Y06-0400;"L'Agly";http://id.eaufrance.fr/CEA/Y06-0400;Q;2016-07-12T00:00:00Z;;;;1;1;PYRENEES-ORIENTALES,PYRENEES-ORIENTALES
Y0674061;"L'Agly à Saint-Laurent-de-la-Salanque";REEL;653319.0;1751388.0;5;2.9864945218250494;42.76385984987929;3.0;2;1100.0;1;1;9;1;Y06-0400;Y0670400;66180;Y067;SAINT-LAURENT-DE-LA-SALANQUE;66;76;OCCITANIE;Y06-0400;"L'Agly";http://id.eaufrance.fr/CEA/Y06-0400;Q;2016-07-12T00:00:00Z;;;;1;1;PYRENEES-ORIENTALES
Y0674070;"L'Agly au Barcarès";REEL;657304.0;1753082.0;5;3.035249261703762;42.778766762950234;1.0;2;;2;1;9;1;Y06-0400;Y0670400;66017;Y067;BARCARES;66;76;OCCITANIE;Y06-0400;"L'Agly";http://id.eaufrance.fr/CEA/Y06-0400;Q;2016-07-12T00:00:00Z;;;;1;1;PYRENEES-ORIENTALES