code_site;libelle_site;type_site;coordonnee_x_site;coordonnee_y_site;code_projection;longitude_site;latitude_site;altitude_site;code_systeme_alti_site;surface_bv;statut_site;premier_mois_etiage_site;premier_mois_annee_hydro_site;influence_generale_site;code_entite_hydro_site;code_troncon_hydro_site;code_commune_site;code_zone_hydro_site;libelle_commune;code_departement;code_region;libelle_region;code_cours_eau;libelle_cours_eau;uri_cours_eau;grandeur_hydro;date_maj_site;date_premiere_donnee_dispo_site;commentaire_influence_generale_site;commentaire_site;type_contexte_loi_stat_site;type_loi_site;libelle_departement
Y0204010;Le Tech à Prats-de-Mollo-la-Preste [La Preste];REEL;605477.0;1711401.0;5;2.402934246734744;42.40675165963998;1084.0;2;18.8;1;1;9;1;Y02-0400;Y0200400;66150;Y020;PRATS-DE-MOLLO-LA-PRESTE;66;76;OCCITANIE;Y02-0400;Le Tech;http://id.eaufrance.fr/CEA/Y02-0400;Q;2016-07-12T00:00:00Z;;;Station installée fin 1919 par les G.F.H. du Sud-Ouest. Exploitée ensuite par E.D.F., puis par le S.H.C. et depuis 1988 par la D.D.A.F. 66.  Le 02/11/1999, la superficie du BV est corrigée : BV=18,8 km² au lieu de 16,6 km² précédemment.;1;1;PYRENEES-ORIENTALES
Y0214010;Le Tech à Prats-de-Mollo-la-Preste [Baillanouse];REEL;614330.0;1711620.0;5;2.5101878645489566;42.40859707478467;664.0;3;366.0;2;1;9;;Y02-0400;Y0210400;66150;Y021;PRATS-DE-MOLLO-LA-PRESTE;66;76;OCCITANIE;Y02-0400;Le Tech;http://id.eaufrance.fr/CEA/Y02-0400;Q;2016-07-12T00:00:00Z;;;Ancienne altitude approximative : 664 m;1;1;PYRENEES-ORIENTALES
Y0224010;Le Tech au Tech [Pont de la Vierge];REEL;618230.0;1712078.0;5;2.55745054563939;42.41262130730813;490.0;2;132.0;1;1;9;3;Y02-0400;Y0210400;66206;Y021;TECH;66;76;OCCITANIE;Y02-0400;Le Tech;http://id.eaufrance.fr/CEA/Y02-0400;Q;2016-07-12T00:00:00Z;;;;1;1;PYRENEES-ORIENTALES
Y0234010;Le Tech à Montferrer [Pas du Loup];REEL;621430.0;1714580.0;5;2.59631998401798;42.43499642309281;343.0;3;250.0;1;1;9;;Y02-0400;Y0230400;66116;Y023;MONTFERRER;66;76;OCCITANIE;Y02-0400;Le Tech;http://id.eaufrance.fr/CEA/Y02-0400;Q;2016-07-12T00:00:00Z;;;;1;1;PYRENEES-ORIENTALES
Y0244010;Le Tech à Arles-sur-Tech;REEL;670780.0;6151612.0;26;2.645254034808894;42.463785592853746;259.0;3;335.0;1;5;9;;Y02-0400;Y0240400;66009;Y024;ARLES-SUR-TECH;66;76;OCCITANIE;Y02-0400;Le Tech;http://id.eaufrance.fr/CEA/Y02-0400;Q;2016-07-12T00:00:00Z;;;;1;0;PYRENEES-ORIENTALES
Y0244020;Le Tech à Amélie-les-Bains-Palalda [Supervaltech];REEL;626860.0;1718940.0;5;2.6623506759042472;42.473960136957345;224.0;2;342.0;1;1;9;1;Y02-0400;Y0240400;66003;Y024;AMELIE-LES-BAINS-PALALDA;66;76;OCCITANIE;Y02-0400;Le Tech;http://id.eaufrance.fr/CEA/Y02-0400;Q;2016-07-12T00:00:00Z;;;;1;1;PYRENEES-ORIENTALES
Y0244030;Le Tech à Amélie-les-Bains-Palalda [Pont de la piscine];REEL;627055.0;1719052.0;5;2.664721335623875;42.47495844530295;220.0;2;343.0;1;1;9;1;Y02-0400;Y0240400;66003;Y024;AMELIE-LES-BAINS-PALALDA;66;76;OCCITANIE;Y02-0400;Le Tech;http://id.eaufrance.fr/CEA/Y02-0400;Q;2016-07-12T00:00:00Z;;;;1;1;PYRENEES-ORIENTALES
Y0244040;Le Tech à Amélie-les-Bains-Palalda;REEL;627747.0;1718974.0;5;2.673110147253741;42.47423190925035;203.0;2;376.0;1;1;9;1;Y02-0400;Y0240400;66003;Y024;AMELIE-LES-BAINS-PALALDA;66;76;OCCITANIE;Y02-0400;Le Tech;http://id.eaufrance.fr/CEA/Y02-0400;Q;2016-07-12T00:00:00Z;;;;1;1;PYRENEES-ORIENTALES
Y0254040;Le Tech à Reynès [Saint-Paul-sur-Tech];REEL;632484.0;1721469.0;5;2.730712992776936;42.49643580942925;130.0;3;473.0;1;1;9;2;Y02-0400;Y0250400;66160;Y025;REYNES;66;76;OCCITANIE;Y02-0400;Le Tech;http://id.eaufrance.fr/CEA/Y02-0400;Q;2016-08-09T00:00:00Z;;;;1;1;PYRENEES-ORIENTALES
Y0264010;Le Tech à Céret et à Reynès;REEL;633560.0;1721350.0;5;2.743760449326126;42.49531818961336;100.0;3;100.0;1;1;9;;Y02-0400;Y0260400;66049,66160;Y026;CERET,REYNES;66,66;76,76;OCCITANIE,OCCITANIE;Y02-0400;Le Tech;http://id.eaufrance.fr/CEA/Y02-0400;Q;2016-07-12T00:00:00Z;;;Ancienne altitude approximative : 100 m;1;1;PYRENEES-ORIENTALES,PYRENEES-ORIENTALES
Y0264050;Le Tech à Céret;REEL;633493.0;1721393.0;5;2.742950258616648;42.49570737544538;123.0;2;483.0;1;1;9;1;Y02-0400;Y0250400;66049;Y025;CERET;66;76;OCCITANIE;Y02-0400;Le Tech;http://id.eaufrance.fr/CEA/Y02-0400;Q;2016-07-12T00:00:00Z;;;;1;1;PYRENEES-ORIENTALES
Y0274010;Le Tech au Boulou;REEL;640700.0;1724100.0;5;2.8305961143653526;42.51964238229425;66.0;3;608.0;1;1;9;;Y02-0400;Y0270400;66024;Y027;BOULOU;66;76;OCCITANIE;Y02-0400;Le Tech;http://id.eaufrance.fr/CEA/Y02-0400;Q;2016-07-12T00:00:00Z;;;;1;1;PYRENEES-ORIENTALES
Y0284060;Le Tech à Argelès-sur-Mer et à Palau-del-Vidre;REEL;653397.0;1731542.0;5;2.985450083062455;42.58563592009778;10.0;2;729.0;1;1;9;1;Y02-0400;Y0280400;66008,66133;Y028;ARGELES-SUR-MER,PALAU-DEL-VIDRE;66,66;76,76;OCCITANIE,OCCITANIE;Y02-0400;Le Tech;http://id.eaufrance.fr/CEA/Y02-0400;Q;2016-07-12T00:00:00Z;;;;1;1;PYRENEES-ORIENTALES,PYRENEES-ORIENTALES