code_site;libelle_site;type_site;coordonnee_x_site;coordonnee_y_site;code_projection;longitude_site;latitude_site;altitude_site;code_systeme_alti_site;surface_bv;statut_site;premier_mois_etiage_site;premier_mois_annee_hydro_site;influence_generale_site;code_entite_hydro_site;code_troncon_hydro_site;code_commune_site;code_zone_hydro_site;libelle_commune;code_departement;code_region;libelle_region;code_cours_eau;libelle_cours_eau;uri_cours_eau;grandeur_hydro;date_maj_site;date_premiere_donnee_dispo_site;commentaire_influence_generale_site;commentaire_site;type_contexte_loi_stat_site;type_loi_site;libelle_departement
Y2000010;"L'Hérault à Valleraugue";REEL;752311.0;6331323.0;26;3.653118699030932;44.07896268285297;320.0;2;46.2;1;1;9;1;Y2--0200;Y2000200;30339,30339;Y200;VALLERAUGUE,VALLERAUGUE;30,30;76,76;OCCITANIE,OCCITANIE;Y2--0200;"L'Hérault";http://id.eaufrance.fr/CEA/Y2--0200;Q;2020-06-26T00:00:00Z;;;;1;1;GARD,GARD
Y2000020;"L'Hérault à Saint-André-de-Majencoules [Padens]";REEL;753887.0;6326909.0;26;3.6723253757805723;44.03911811813521;250.0;2;96.1;1;1;9;1;Y2--0200;Y2000200;30229;Y200;SAINT-ANDRE-DE-MAJENCOULES;30;76;OCCITANIE;Y2--0200;"L'Hérault";http://id.eaufrance.fr/CEA/Y2--0200;Q;2020-06-26T00:00:00Z;;;;1;1;GARD
Y2000027;"L'Hérault à Saint-André-de-Majencoules";REEL;754591.0;6324166.0;26;3.6808133890901824;44.01437761224206;;;;1;1;9;1;Y2--0200;Y2000200;30229;Y200;SAINT-ANDRE-DE-MAJENCOULES;30;76;OCCITANIE;Y2--0200;"L'Hérault";http://id.eaufrance.fr/CEA/Y2--0200;Q;2020-06-26T00:00:00Z;;;;;;GARD
Y2020010;"L'Hérault à Saint-Julien-de-la-Nef";REEL;755193.0;6318378.0;26;3.68769201878199;43.96224150110169;156.0;2;291.0;1;1;9;1;Y2--0200;Y2020200;30272;Y202;SAINT-JULIEN-DE-LA-NEF;30;76;OCCITANIE;Y2--0200;"L'Hérault";http://id.eaufrance.fr/CEA/Y2--0200;Q;2020-06-26T00:00:00Z;;;;1;1;GARD
Y2100010;"L'Hérault à Ganges";REEL;756384.0;6315040.0;26;3.702161000086953;43.93210756147315;135.0;0;768.0;1;1;9;1;Y2--0200;Y2100200;34111;Y210;GANGES;34;76;OCCITANIE;Y2--0200;"L'Hérault";http://id.eaufrance.fr/CEA/Y2--0200;Q;2020-06-26T00:00:00Z;;;;1;1;HERAULT
Y2100020;"L'Hérault à Laroque";REEL;759105.0;6313209.0;26;3.7358317509633183;43.91540717485978;126.0;2;760.0;1;1;9;1;Y2--0200;Y2100200;34128;Y210;LAROQUE;34;76;OCCITANIE;Y2--0200;"L'Hérault";http://id.eaufrance.fr/CEA/Y2--0200;Q;2020-06-26T00:00:00Z;;;;1;1;HERAULT
Y2130010;"L'Hérault à Causse-de-la-Selle et à Puéchabon [Moulin de Bertrand]";REEL;749835.0;6294347.0;26;3.618589861081411;43.74638973672149;103.0;2;1090.0;1;1;9;1;Y2--0200;Y2130200;34060,34221;Y213;CAUSSE-DE-LA-SELLE,PUECHABON;34,34;76,76;OCCITANIE,OCCITANIE;Y2--0200;"L'Hérault";http://id.eaufrance.fr/CEA/Y2--0200;Q;2020-06-26T00:00:00Z;;;;1;1;HERAULT,HERAULT
Y2140010;"L'Hérault à Gignac";REEL;743142.0;6283755.0;26;3.5346238449523586;43.65152270905807;32.0;2;1312.0;1;1;9;2;Y2--0200;Y2140200;34114,34114;Y214;GIGNAC,GIGNAC;34,34;76,76;OCCITANIE,OCCITANIE;Y2--0200;"L'Hérault";http://id.eaufrance.fr/CEA/Y2--0200;Q;2020-06-26T00:00:00Z;;"Station influencée par les prélèvements du canal de Gignac (irrigation -&gt; 3m3/s)";;1;1;HERAULT,HERAULT
Y2140020;"L'Hérault à Saint-Guilhem-le-Désert [La Combe du Corps]";REEL;743354.0;6285142.0;26;3.537367876723751;43.66398968758247;60.0;3;1200.0;1;1;9;2;Y2--0200;Y2000200;34261;Y214;SAINT-GUILHEM-LE-DESERT;34;76;OCCITANIE;Y2--0200;"L'Hérault";http://id.eaufrance.fr/CEA/Y2--0200;Q;2020-06-26T00:00:00Z;;;;1;1;HERAULT
Y2300010;"L'Hérault à Canet";REEL;739823.0;6277748.0;26;3.493030496069987;43.597668458459154;35.0;3;1850.0;1;1;9;1;Y2--0200;Y2300200;34051;Y230;CANET;34;76;OCCITANIE;Y2--0200;"L'Hérault";http://id.eaufrance.fr/CEA/Y2--0200;Q;2020-06-26T00:00:00Z;;;Ancienne station du SAC 34. Remise en gestion : DIREN LR en juillet 2005.;1;1;HERAULT
Y2300020;"L'Hérault à Aspiran";REEL;737989.0;6274704.0;26;3.4701007617152264;43.57038109585496;;;;;1;9;;Y2--0200;Y2300200;34013;Y230;ASPIRAN;34;76;OCCITANIE;Y2--0200;"L'Hérault";http://id.eaufrance.fr/CEA/Y2--0200;Q;2020-06-26T00:00:00Z;;;;;;HERAULT
Y2330010;"L'Hérault à Montagnac";REEL;735954.0;6264216.0;26;3.4441888103244986;43.47612652332146;12.0;2;2180.0;1;1;9;1;Y2--0200;Y2330200;34162,34162;Y233;MONTAGNAC,MONTAGNAC;34,34;76,76;OCCITANIE,OCCITANIE;Y2--0200;"L'Hérault";http://id.eaufrance.fr/CEA/Y2--0200;Q;2020-06-26T00:00:00Z;;;;1;1;HERAULT,HERAULT
Y2370010;"L'Hérault à Florensac";REEL;736310.0;6254052.0;26;3.4478746466914965;43.38466896707775;6.0;0;2430.0;1;1;9;1;Y2--0200;Y2370200;34101;Y237;FLORENSAC;34;76;OCCITANIE;Y2--0200;"L'Hérault";http://id.eaufrance.fr/CEA/Y2--0200;Q;2020-06-26T00:00:00Z;;;;1;1;HERAULT
Y2370020;"L'Hérault à Agde";REEL;738780.0;6247542.0;26;3.477854811404983;43.32597547563864;2.0;2;2550.0;1;1;9;1;Y2--0200;Y2370200;34003;Y237;AGDE;34;76;OCCITANIE;Y2--0200;"L'Hérault";http://id.eaufrance.fr/CEA/Y2--0200;Q;2020-06-26T00:00:00Z;;;"Site mesurant le débit de l'Hérault mais situé à la confluence avec le canal du Midi dont les éclusées peuvent influencer la mesure";1;1;HERAULT