code_site;libelle_site;type_site;coordonnee_x_site;coordonnee_y_site;code_projection;longitude_site;latitude_site;altitude_site;code_systeme_alti_site;surface_bv;statut_site;premier_mois_etiage_site;premier_mois_annee_hydro_site;influence_generale_site;code_entite_hydro_site;code_troncon_hydro_site;code_commune_site;code_zone_hydro_site;libelle_commune;code_departement;code_region;libelle_region;code_cours_eau;libelle_cours_eau;uri_cours_eau;grandeur_hydro;date_maj_site;date_premiere_donnee_dispo_site;commentaire_influence_generale_site;commentaire_site;type_contexte_loi_stat_site;type_loi_site;libelle_departement
V7104010;Le Gard à Saint-Étienne-Vallée-Française [Roq.];REEL;765905.0;6343481.0;26;3.82441766215869;44.18724216751042;265.0;2;30.5;1;1;9;1;V71-0400;V7100400;48148;V710;SAINT-ETIENNE-VALLEE-FRANCAISE;48;76;OCCITANIE;V71-0400;Le Gard;http://id.eaufrance.fr/CEA/V71-0400;Q;2020-06-26T00:00:00Z;;;Le régime hydrologique est de type pluvial.;1;1;LOZERE
V7105214;Le Gard à Saint-Étienne-Vallée-Française [DREAL LR];REEL;767121.0;6341572.0;26;3.839373856061394;44.16994531212146;;;84.0;1;1;9;0;V71-0400;V7100400;48148;V710;SAINT-ETIENNE-VALLEE-FRANCAISE;48;76;OCCITANIE;V71-0400;Le Gard;http://id.eaufrance.fr/CEA/V71-0400;Q;2020-06-26T00:00:00Z;;;Le régime hydrologique est de type pluvial.;;;LOZERE
V7124010;Le Gard à Générargues [Roucan];REEL;777622.0;6331624.0;26;3.9691537719287635;44.07933154569091;140.0;2;240.0;1;1;9;1;V71-0400;V7120400;30129;V712;GENERARGUES;30;76;OCCITANIE;V71-0400;Le Gard;http://id.eaufrance.fr/CEA/V71-0400;Q;2020-06-26T00:00:00Z;;;Le régime hydrologique est de type pluvial.;1;1;GARD
V7124015;Le Gard à Mialet [en amont du camping];REEL;772786.0;6336738.0;26;3.9095145647822194;44.12587422786238;200.0;2;220.0;1;1;9;1;V71-0400;V7120400;30168;V712;MIALET;30;76;OCCITANIE;V71-0400;Le Gard;http://id.eaufrance.fr/CEA/V71-0400;Q;2020-06-26T00:00:00Z;;;Le régime hydrologique est de type pluvial.;1;1;GARD
V7124018;Le Gard à Saint-Jean-du-Pin;REEL;781246.0;6335844.0;26;4.01507384183073;44.11690043563095;;;;1;1;9;0;V71-0400;V7120400;;V712;;;;;V71-0400;Le Gard;http://id.eaufrance.fr/CEA/V71-0400;Q;2020-06-26T00:00:00Z;;;Le régime hydrologique est de type pluvial.;1;0;
V7144010;Le Gard à Anduze [sous le pont du train];REEL;778877.0;6329633.0;26;3.984511607266547;44.06127366151991;130.0;2;543.0;1;1;9;1;V71-0400;V7140400;30010;V714;ANDUZE;30;76;OCCITANIE;V71-0400;Le Gard;http://id.eaufrance.fr/CEA/V71-0400;Q;2020-06-26T00:00:00Z;;"Le débit d'étiage est essentiellement composé par le débit de l'Amous (aucun contrôle), par le débit du Gardon de Mialet et le Gardon de Saint jean du Gard.";Le régime hydrologique est de type pluvial.;1;1;GARD
V7164010;Le Gard à Boucoiran-et-Nozières [Pont de Ners];REEL;792643.0;6324726.0;26;4.1554145365569966;44.01543541358479;84.0;3;1087.0;1;6;9;2;V71-0400;V7160400;30046;V716;BOUCOIRAN-ET-NOZIERES;30;76;OCCITANIE;V71-0400;Le Gard;http://id.eaufrance.fr/CEA/V71-0400;Q;2020-06-26T00:00:00Z;;Dérivation du canal de Boucoiran;Le régime hydrologique est de type pluvial.;1;1;GARD
V7164015;Le Gard à Ners [dans le pont RN106];REEL;792629.0;6324727.0;26;4.155240140300142;44.01544625609066;100.0;2;1100.0;1;1;9;1;V71-0400;V7160400;30188;V716;NERS;30;76;OCCITANIE;V71-0400;Le Gard;http://id.eaufrance.fr/CEA/V71-0400;Q;2020-06-26T00:00:00Z;;"A l'étiage le débit est essentiellement composé par le débit du gardon d'Alès (contrôlé par la station d'Alès) et par le Gardon d'Anduze.";Le régime hydrologique est de type pluvial.;1;1;GARD
V7184015;Le Gard à Sainte-Anastasie [Russan];REEL;806014.0;6315557.0;26;4.320232536159618;43.931040306208764;710.0;2;1521.0;1;1;9;1;V71-0400;V7180400;30228;V718;SAINTE-ANASTASIE;30;76;OCCITANIE;V71-0400;Le Gard;http://id.eaufrance.fr/CEA/V71-0400;Q;2020-06-26T00:00:00Z;;;Le régime hydrologique est de type pluvial.;1;1;GARD
V7185018;Le Gard à Sanilhac-Sagriès [DREAL LR];REEL;814819.0;6316589.0;26;4.430094221726084;43.938946505977235;27.0;0;1580.0;2;1;9;0;V71-0400;V7180400;;V718;;;;;V71-0400;Le Gard;http://id.eaufrance.fr/CEA/V71-0400;Q;2020-06-26T00:00:00Z;;;Le régime hydrologique est de type pluvial.;1;0;
V7194010;Le Gard [Gardon réunis] à Remoulins;REEL;825008.0;6316653.0;26;4.556984473459719;43.93778807637682;25.0;3;1855.0;1;1;9;1;V71-0400;V7190400;30212,30212;V719;REMOULINS,REMOULINS;30,30;76,76;OCCITANIE,OCCITANIE;V71-0400;Le Gard;http://id.eaufrance.fr/CEA/V71-0400;Q;2020-06-26T00:00:00Z;;"La station V179401001 (SPC) est à privilégier pour les crues et la station V179401002 (CNR) pour l'étiage.";Le régime hydrologique est de type pluvial.;1;1;GARD,GARD