code_site;libelle_site;type_site;coordonnee_x_site;coordonnee_y_site;code_projection;longitude_site;latitude_site;altitude_site;code_systeme_alti_site;surface_bv;statut_site;premier_mois_etiage_site;premier_mois_annee_hydro_site;influence_generale_site;code_entite_hydro_site;code_troncon_hydro_site;code_commune_site;code_zone_hydro_site;libelle_commune;code_departement;code_region;libelle_region;code_cours_eau;libelle_cours_eau;uri_cours_eau;grandeur_hydro;date_maj_site;date_premiere_donnee_dispo_site;commentaire_influence_generale_site;commentaire_site;type_contexte_loi_stat_site;type_loi_site;libelle_departement
Y1002010;"L'Aude [amont] à Escouloubre";REEL;583866.0;1745371.0;5;2.1401003138012493;42.71161540097506;980.0;2;164.0;2;1;9;3;Y1--0200;Y1010200;11127;Y101;ESCOULOUBRE;11;76;OCCITANIE;Y1--0200;"L'Aude";http://id.eaufrance.fr/CEA/Y1--0200;Q;2016-07-12T00:00:00Z;;"Prise d&#039;eau EDF représentant plus des 3/4 de l&#039;écoulement naturel.";"Des prises d'eau EDF retranchent plus des 3/4 de l'écoulement naturel.";1;1;AUDE
Y1012020;"L'Aude à Escouloubre [aval]";REEL;579760.0;1748108.0;5;2.089992703048656;42.73609157777652;784.0;2;178.0;1;1;9;3;Y1--0200;Y1010200;11127;Y101;ESCOULOUBRE;11;76;OCCITANIE;Y1--0200;"L'Aude";http://id.eaufrance.fr/CEA/Y1--0200;Q;2016-07-12T00:00:00Z;;"Dérivation de plus de 80% de l'eau vers les centrales hydroélectriques EDF.";Ancienne altitude approximative = 784 m;1;1;AUDE
Y1032030;"L'Aude à Sainte-Colombe-sur-Guette [Nentilla]";REEL;589300.0;1752112.0;5;2.206138823935102;42.772257931944864;451.0;2;343.0;1;1;9;1;Y1--0200;Y1030200;11335;Y103;SAINTE-COLOMBE-SUR-GUETTE;11;76;OCCITANIE;Y1--0200;"L'Aude";http://id.eaufrance.fr/CEA/Y1--0200;Q;2016-07-12T00:00:00Z;;"Débit réservé prise d'eau EDF usine St-Georges à 10% du module après octobre 1998.";Ancienne altitude approximative = 451 m;1;1;AUDE
Y1112010;"L'Aude à Belvianes-et-Cavirac et à Quillan";REEL;588398.0;1761503.0;5;2.1949355510905013;42.85659024535541;303.0;2;692.0;1;1;9;1;Y1--0200;Y1110200;11035,11304;Y111;BELVIANES-ET-CAVIRAC,QUILLAN;11,11;76,76;OCCITANIE,OCCITANIE;Y1--0200;"L'Aude";http://id.eaufrance.fr/CEA/Y1--0200;Q;2016-07-12T00:00:00Z;;;;1;1;AUDE,AUDE
Y1122030;"L'Aude à Couiza";REEL;593061.0;1771209.0;5;2.251735270310175;42.943833915774725;221.0;3;845.0;1;1;9;3;Y1--0200;Y1120200;11103;Y112;COUIZA;11;76;OCCITANIE;Y1--0200;"L'Aude";http://id.eaufrance.fr/CEA/Y1--0200;Q;2016-07-12T00:00:00Z;;Microcentrale.;;1;1;AUDE
Y1141151;"L'Aude à Alet-les-Bains";REEL;593921.0;1775777.0;5;2.262197213692304;42.98487587249723;200.0;3;1021.0;1;1;9;1;Y1--0200;Y1140200;11008;Y114;ALET-LES-BAINS;11;76;OCCITANIE;Y1--0200;"L'Aude";http://id.eaufrance.fr/CEA/Y1--0200;Q;2016-07-12T00:00:00Z;;;;1;0;AUDE
Y1152010;"L'Aude à Limoux [Pont de Fer]";REEL;590242.0;1783758.0;5;2.2170327819139994;43.05653148578728;161.0;3;1189.0;1;1;9;2;Y1--0200;Y1150200;11206;Y115;LIMOUX;11;76;OCCITANIE;Y1--0200;"L'Aude";http://id.eaufrance.fr/CEA/Y1--0200;Q;2016-07-12T00:00:00Z;;Microcentrale.;;1;1;AUDE
Y1232010;"L'Aude à Carcassonne";REEL;601959.0;1801301.0;5;2.3606411065865958;43.214209034210185;97.0;3;1839.0;1;1;9;2;Y1--0200;Y1230200;11069,11069;Y123;CARCASSONNE,CARCASSONNE;11,11;76,76;OCCITANIE,OCCITANIE;Y1--0200;"L'Aude";http://id.eaufrance.fr/CEA/Y1--0200;Q;2018-10-26T00:00:00Z;;;;1;1;AUDE,AUDE
Y1422010;"L'Aude à Puichéric";REEL;623583.0;1802139.0;5;2.6263184162185405;43.22135214211934;49.0;2;3267.0;1;1;9;1;Y1--0200;Y1420200;11301;Y142;PUICHERIC;11;76;OCCITANIE;Y1--0200;"L'Aude";http://id.eaufrance.fr/CEA/Y1--0200;Q;2016-07-12T00:00:00Z;;;;1;1;AUDE
Y1422020;"L'Aude à Marseillette";REEL;616570.0;1799720.0;5;2.540079834688937;43.199814818911;63.0;2;3127.0;1;1;9;1;Y1--0200;Y1420200;11220;Y142;MARSEILLETTE;11;76;OCCITANIE;Y1--0200;"L'Aude";http://id.eaufrance.fr/CEA/Y1--0200;Q;2016-07-12T00:00:00Z;;;;1;1;AUDE
Y1422030;"L'Aude à Trèbes [rue Voltaire]";REEL;608465.0;1800784.0;5;2.4405558670170957;43.209516639674185;78.0;3;;1;6;9;1;Y1--0200;Y1420200;11397;Y142;TREBES;11;76;OCCITANIE;Y1--0200;"L'Aude";http://id.eaufrance.fr/CEA/Y1--0200;Q;2016-07-12T00:00:00Z;;;;1;1;AUDE
Y1452010;"L'Aude à Ventenac-en-Minervois";REEL;642211.0;1804335.0;5;2.85535635025192;43.2402236921595;16.0;3;3722.0;1;1;9;3;Y1--0200;Y1450200;11405;Y145;VENTENAC-EN-MINERVOIS;11;76;OCCITANIE;Y1--0200;"L'Aude";http://id.eaufrance.fr/CEA/Y1--0200;Q;2016-07-12T00:00:00Z;;Microcentrales.;;1;1;AUDE
Y1452020;"L'Aude à Saint-Marcel-sur-Aude";REEL;648012.0;1803716.0;5;2.926592146312669;43.2342947591164;11.0;2;4600.0;1;6;9;2;Y1--0200;Y1450200;11353;Y145;SAINT-MARCEL-SUR-AUDE;11;76;OCCITANIE;Y1--0200;"L'Aude";http://id.eaufrance.fr/CEA/Y1--0200;Q;2016-07-12T00:00:00Z;;Influence importante de la micro centrale de St Nazaire.;;1;1;AUDE
Y1612010;"L'Aude à Moussan [Moussoulens - viaduc]";REEL;650543.0;1804956.0;5;2.9578145190289353;43.24526102968303;8.0;2;4836.0;1;1;9;1;Y1--0200;Y1610200;11258;Y161;MOUSSAN;11;76;OCCITANIE;Y1--0200;"L'Aude";http://id.eaufrance.fr/CEA/Y1--0200;Q;2016-07-12T00:00:00Z;;;"Limnigraphe installé en 1964, contrôlé par seuils aval, influencé par la Robine (en étiage), remplacé en 1987 par Moussoulens code Hydro2 """"Y1612020"""" et maintenu en service.";1;1;AUDE
Y1612020;"L'Aude à Moussan [Moussoulens - écluse]";REEL;650794.0;1804936.0;5;2.960897555426925;43.24506347824277;8.0;2;4838.0;1;1;9;1;Y1--0200;Y1610200;11258;Y161;MOUSSAN;11;76;OCCITANIE;Y1--0200;"L'Aude";http://id.eaufrance.fr/CEA/Y1--0200;Q;2016-07-12T00:00:00Z;;;;1;1;AUDE
Y1612030;"L'Aude à Cuxac-d'Aude";REEL;653910.0;1804480.0;5;2.999148156669136;43.24073736728502;50.0;3;;1;1;9;;Y1--0200;Y1610200;11116;Y161;"CUXAC-D'AUDE";11;76;OCCITANIE;Y1--0200;"L'Aude";http://id.eaufrance.fr/CEA/Y1--0200;Q;2016-07-12T00:00:00Z;;;;1;1;AUDE
Y1612040;"L'Aude à Coursan [Arminis]";REEL;657494.0;1804495.0;5;3.0431961312098195;43.24059190627954;1.0;2;4900.0;1;1;9;2;Y1--0200;Y1610200;11106;Y161;COURSAN;11;76;OCCITANIE;Y1--0200;"L'Aude";http://id.eaufrance.fr/CEA/Y1--0200;Q;2016-07-12T00:00:00Z;;;;1;1;AUDE
Y1612050;"L'Aude à Coursan [Village]";REEL;658630.0;1803960.0;5;3.0570969590658637;43.23569244049579;100.0;3;;1;1;9;;Y1--0200;Y1610200;11106;Y161;COURSAN;11;76;OCCITANIE;Y1--0200;"L'Aude";http://id.eaufrance.fr/CEA/Y1--0200;Q;2016-07-12T00:00:00Z;;;;2;3;AUDE