code_site;libelle_site;type_site;coordonnee_x_site;coordonnee_y_site;code_projection;longitude_site;latitude_site;altitude_site;code_systeme_alti_site;surface_bv;statut_site;premier_mois_etiage_site;premier_mois_annee_hydro_site;influence_generale_site;code_entite_hydro_site;code_troncon_hydro_site;code_commune_site;code_zone_hydro_site;libelle_commune;code_departement;code_region;libelle_region;code_cours_eau;libelle_cours_eau;uri_cours_eau;grandeur_hydro;date_maj_site;date_premiere_donnee_dispo_site;commentaire_influence_generale_site;commentaire_site;type_contexte_loi_stat_site;type_loi_site;libelle_departement
Y1514010;"L'Orbieu à Montjoi [Le Moulin]";REEL;611242.0;1775661.0;5;2.4741295110223755;42.98377250836612;294.0;2;75.8;1;1;9;1;Y15-0400;Y1510400;11250;Y151;MONTJOI;11;76;OCCITANIE;Y15-0400;"L'Orbieu";http://id.eaufrance.fr/CEA/Y15-0400;Q;2016-07-12T00:00:00Z;;;;1;1;AUDE
Y1524010;"L'Orbieu à Saint-Martin-des-Puits";REEL;618772.0;1781727.0;5;2.566478839704532;43.038107718101486;175.0;2;170.0;1;1;9;1;Y15-0400;Y1520400;11354;Y152;SAINT-MARTIN-DES-PUITS;11;76;OCCITANIE;Y15-0400;"L'Orbieu";http://id.eaufrance.fr/CEA/Y15-0400;Q;2016-07-12T00:00:00Z;;;Absence de données du 01/05/2006 au 01/08/2006 car station en panne.;1;1;AUDE
Y1524020;"L'Orbieu à Lagrasse [OA RD3]";REEL;623040.0;1787853.0;5;2.619017777712939;43.093017502722;115.0;3;263.0;1;1;9;1;Y15-0400;Y1520400;11185;Y152;LAGRASSE;11;76;OCCITANIE;Y15-0400;"L'Orbieu";http://id.eaufrance.fr/CEA/Y15-0400;Q;2016-07-12T00:00:00Z;;;;1;1;AUDE
Y1564010;"L'Orbieu à Luc-sur-Orbieu";REEL;636164.0;1797745.0;5;2.780582429337937;43.18134615478178;34.0;3;586.0;1;1;9;1;Y15-0400;Y1560400;11210;Y156;LUC-SUR-ORBIEU;11;76;OCCITANIE;Y15-0400;"L'Orbieu";http://id.eaufrance.fr/CEA/Y15-0400;Q;2017-10-04T00:00:00Z;;;;1;1;AUDE
Y1584020;"L'Orbieu à Villedaigne";REEL;642960.0;1801400.0;5;2.864319508991342;43.2138082480075;100.0;3;;1;1;9;;Y15-0400;Y1580400;11421;Y158;VILLEDAIGNE;11;76;OCCITANIE;Y15-0400;"L'Orbieu";http://id.eaufrance.fr/CEA/Y15-0400;Q;2016-07-12T00:00:00Z;;;;2;3;AUDE